name,datetime,temp,feelslike,dew,humidity,precip,precipprob,preciptype,snow,snowdepth,windgust,windspeed,winddir,sealevelpressure,cloudcover,visibility,solarradiation,solarenergy,uvindex,severerisk,conditions,icon,stations
Bristol,2023-09-01T00:00:00,15.9,15.9,15.5,97.64,0.256,100,rain,0,0,6.4,2.6,144,1008.2,100,5.9,0,0,0,,"Rain, Overcast",rain,"03853099999,03743099999,03716099999,03644099999,D9855,03740099999"
Bristol,2023-09-01T01:00:00,15.9,15.9,15.6,98.51,0.136,100,rain,0,0,5.7,3.6,124,1008.2,100,8.7,0,0,0,,"Rain, Overcast",rain,"03853099999,03743099999,03716099999,03644099999,D9855,03740099999"
Bristol,2023-09-01T02:00:00,15.8,15.8,15.7,98.9,0.291,100,rain,0,0,5.9,1.6,81,1007.9,100,5,0,0,0,,"Rain, Overcast",rain,"03853099999,03743099999,03716099999,03644099999,D9855,03740099999"
Bristol,2023-09-01T03:00:00,15.6,15.6,15.3,98.12,0.343,100,rain,0,0,7.6,5.1,13,1007.7,98.4,3.7,0,0,0,,"Rain, Overcast",rain,"03853099999,03743099999,03716099999,03644099999,D9855,03740099999"
Bristol,2023-09-01T04:00:00,15.3,15.3,15.1,98.7,0.274,100,rain,0,0,10.5,5.7,306,1007.8,100,2.5,0,0,0,,"Rain, Overcast",rain,"03853099999,03743099999,03716099999,03644099999,D9855,03740099999"
Bristol,2023-09-01T05:00:00,15.1,15.1,14.8,98.6,0.136,100,rain,0,0,11.6,6.6,299,1008,100,3.9,0,0,0,,"Rain, Overcast",rain,"03853099999,03743099999,03716099999,03644099999,D9855,03740099999"
Bristol,2023-09-01T06:00:00,14.9,14.9,14.7,98.69,0.103,100,rain,0,0,8.6,5.9,353,1008,100,10.6,0,0,0,,"Rain, Overcast",rain,"03853099999,03743099999,03716099999,03644099999,D9855,03740099999"
Bristol,2023-09-01T07:00:00,14.8,14.8,14.4,97.69,0.029,100,rain,0,0,9.9,5,329,1008.5,100,10.7,16,0.1,0,,"Rain, Overcast",rain,"03853099999,03743099999,03716099999,03644099999,D9855,03740099999"
Bristol,2023-09-01T08:00:00,15.2,15.2,14.8,97.04,0.064,100,rain,0,0,12.1,6.6,325,1009,100,4.9,88,0.3,1,,"Rain, Overcast",rain,"03853099999,03743099999,03716099999,03644099999,D9855,03740099999"
Bristol,2023-09-01T09:00:00,15.9,15.9,15.1,95.15,0.045,100,rain,0,0,11.3,6.1,342,1009.5,88.2,19.4,204,0.7,2,,"Rain, Partially cloudy",rain,"03853099999,03743099999,03716099999,03644099999,D9855,03740099999"
Bristol,2023-09-01T10:00:00,16.6,16.6,15.1,90.72,0,0,,0,0,14.5,7.1,305,1010.1,95.3,12.1,267,1,3,,Overcast,cloudy,"03853099999,03743099999,03716099999,03644099999,D9855,03740099999"
Bristol,2023-09-01T11:00:00,17.7,17.7,14.9,83.33,0.064,100,rain,0,0,10.6,6.6,311,1010.4,97.8,33.7,171,0.6,2,,"Rain, Overcast",rain,"03853099999,03743099999,03716099999,03644099999,D9855,03740099999"
Bristol,2023-09-01T12:00:00,18.5,18.5,14.5,77.1,0,0,,0,0,11.8,5.7,310,1010.8,100,40.8,195,0.7,2,,Overcast,cloudy,"03853099999,03743099999,03716099999,03644099999,D9855,03740099999"
Bristol,2023-09-01T13:00:00,19.1,19.1,14,72.68,0,0,,0,0,11.3,7.5,346,1011,88.2,38.8,378,1.4,4,,Partially cloudy,partly-cloudy-day,"03853099999,03743099999,03716099999,03644099999,D9855,03740099999"
Bristol,2023-09-01T14:00:00,19.7,19.7,13.8,68.96,0,0,,0,0,13.5,8.1,289,1011.1,87.2,41.6,413,1.5,4,,Partially cloudy,partly-cloudy-day,"03853099999,03743099999,03716099999,03644099999,D9855,03740099999"
Bristol,2023-09-01T15:00:00,20,20,14,68.23,0,0,,0,0,14.1,9.2,296,1011.4,86,39.3,367,1.3,4,,Partially cloudy,partly-cloudy-day,"03853099999,03743099999,03716099999,03644099999,D9855,03740099999"
Bristol,2023-09-01T16:00:00,20.7,20.7,13.5,63.4,0,0,,0,0,12.1,5.6,289,1011.4,76.1,43.5,330,1.2,3,,Partially cloudy,partly-cloudy-day,"03853099999,03743099999,03716099999,03644099999,D9855,03740099999"
Bristol,2023-09-01T17:00:00,20.3,20.3,13.1,63.28,0,0,,0,0,9.9,5.6,339,1011.7,79.5,28.1,294,1.1,3,,Partially cloudy,partly-cloudy-day,"03853099999,03743099999,03716099999,03644099999,D9855,03740099999"
Bristol,2023-09-01T18:00:00,19.5,19.5,13.1,66.66,0,0,,0,0,14.7,9.5,267,1012.3,72.8,42.4,153,0.6,2,,Partially cloudy,partly-cloudy-day,"03853099999,03743099999,03716099999,03644099999,D9855,03740099999"
Bristol,2023-09-01T19:00:00,18.9,18.9,13.3,70.12,0,0,,0,0,14.6,8.7,276,1012.7,86.7,37,70,0.3,1,,Partially cloudy,partly-cloudy-day,"03853099999,03743099999,03716099999,03644099999,D9855,03740099999"
Bristol,2023-09-01T20:00:00,17.9,17.9,13.5,75.56,0,0,,0,0,10.4,4.7,274,1013.3,77.1,34.2,7,0,0,,Partially cloudy,partly-cloudy-night,"03853099999,03743099999,03716099999,03644099999,D9855,03740099999"
Bristol,2023-09-01T21:00:00,16.9,16.9,13.6,80.71,0,0,,0,0,6.7,2.5,314,1014.1,37.6,35.9,0,0,0,,Partially cloudy,partly-cloudy-night,"03853099999,03743099999,03716099999,03644099999,D9855,03740099999"
Bristol,2023-09-01T22:00:00,16.1,16.1,13.7,85.61,0,0,,0,0,6.2,3,317,1014.9,18.4,29.7,0,0,0,,Clear,clear-night,"03853099999,03743099999,03716099999,03644099999,D9855,03740099999"
Bristol,2023-09-01T23:00:00,15.5,15.5,13.5,88.34,0,0,,0,0,7.5,4.6,240,1015.4,34.2,23.7,0,0,0,,Partially cloudy,partly-cloudy-night,"03853099999,03743099999,03716099999,03644099999,D9855,03740099999"
Bristol,2023-09-02T00:00:00,14.6,14.6,13.2,90.92,0,0,,0,0,6.6,3.4,291,1015.9,21.9,20.7,0,0,0,,Partially cloudy,partly-cloudy-night,"03853099999,03743099999,03716099999,03644099999,D9855,03740099999"
Bristol,2023-09-02T01:00:00,13.8,13.8,12.6,92.5,0,0,,0,0,7.1,2.8,38,1016.1,27.2,21.5,0,0,0,,Partially cloudy,partly-cloudy-night,"03853099999,03743099999,03716099999,03644099999,D9855,03740099999"
Bristol,2023-09-02T02:00:00,13.4,13.4,12.2,92.87,0,0,,0,0,6.1,1.6,29,1016.1,11.8,18.4,0,0,0,,Clear,clear-night,"03853099999,03743099999,03716099999,03644099999,D9855,03740099999"
Bristol,2023-09-02T03:00:00,13,13,12,93.74,0,0,,0,0,5.9,3.3,350,1016.4,15.8,20.9,0,0,0,,Clear,clear-night,"03853099999,03743099999,03716099999,03644099999,D9855,03740099999"
Bristol,2023-09-02T04:00:00,12.4,12.4,11.6,95.2,0,0,,0,0,6.2,2,19,1016.8,39.7,15.1,0,0,0,,Partially cloudy,partly-cloudy-night,"03853099999,03743099999,03716099999,03644099999,D9855,03740099999"
Bristol,2023-09-02T05:00:00,13.1,13.1,12.7,97.2,0,0,,0,0,7.6,5.4,13,1017.1,83.9,9.8,0,0,0,,Partially cloudy,partly-cloudy-night,"03853099999,03743099999,03716099999,03644099999,D9855,03740099999"
Bristol,2023-09-02T06:00:00,13.3,13.3,12.9,97.16,0,0,,0,0,7.6,6.5,65,1017.4,82.5,9.7,0,0,0,,Partially cloudy,partly-cloudy-night,"03853099999,03743099999,03716099999,03644099999,D9855,03740099999"
Bristol,2023-09-02T07:00:00,13.8,13.8,13.5,98.27,0,0,,0,0,7.4,4.6,88,1018.1,81.1,7,11,0,0,,Partially cloudy,partly-cloudy-day,"03853099999,03743099999,03716099999,03644099999,D9855,03740099999"
Bristol,2023-09-02T08:00:00,14.4,14.4,14,97.7,0,0,,0,0,9.1,8,14,1019,85.5,8.6,19,0.1,0,,Partially cloudy,partly-cloudy-day,"03853099999,03743099999,03716099999,03644099999,D9855,03740099999"
Bristol,2023-09-02T09:00:00,15.4,15.4,15.1,97.93,0,0,,0,0,11.3,8.2,10,1019.6,100,13.8,63,0.2,1,,Overcast,cloudy,"03853099999,03743099999,03716099999,03644099999,D9855,03740099999"
Bristol,2023-09-02T10:00:00,16.7,16.7,15.9,95.24,0,0,,0,0,19.6,12,24,1020.5,100,13,88,0.3,1,,Overcast,cloudy,"03853099999,03743099999,03716099999,03644099999,D9855,03740099999"
Bristol,2023-09-02T11:00:00,16.4,16.4,16,97.25,0,0,,0,0,20.1,16.5,39,1021,100,7.9,844,3,8,,Overcast,cloudy,"03853099999,03743099999,03716099999,03644099999,D9855,03740099999,EGGD"
Bristol,2023-09-02T12:00:00,19.2,19.2,15.8,80.38,0,0,,0,0,25.2,18.8,47,1021.3,100,21.4,230,0.8,2,,Overcast,cloudy,"03853099999,03743099999,03716099999,03644099999,D9855,03740099999"
Bristol,2023-09-02T13:00:00,20.5,20.5,15.8,74.33,0,0,,0,0,26.2,17.4,50,1021.3,74.7,26.6,279,1,3,,Partially cloudy,partly-cloudy-day,"03853099999,03743099999,03716099999,03644099999,D9855,03740099999"
Bristol,2023-09-02T14:00:00,21.3,21.3,15.7,70.06,0,0,,0,0,24.8,17.4,44,1021.5,69.8,27.3,766,2.8,8,,Partially cloudy,partly-cloudy-day,"03853099999,03743099999,03716099999,03644099999,D9855,03740099999"
Bristol,2023-09-02T15:00:00,21.1,21.1,15,68.09,0,0,,0,0,24.3,17.9,61,1022.8,52.4,11.5,322,1.2,3,,Partially cloudy,partly-cloudy-day,"03853099999,03743099999,03716099999,03644099999,D9855,EGGD"
Bristol,2023-09-02T16:00:00,21.3,21.3,14.9,67.06,0,0,,0,0,24.4,16.5,33,1022.8,75.6,13.6,522,1.9,5,,Partially cloudy,partly-cloudy-day,"03853099999,03743099999,03644099999,D9855,03740099999,EGGD"
Bristol,2023-09-02T17:00:00,22.7,22.7,14.7,60.65,0,0,,0,0,20.5,11.6,58,1022,42.9,38.4,163,0.6,2,,Partially cloudy,partly-cloudy-day,"03853099999,03743099999,03716099999,03644099999,D9855,03740099999"
Bristol,2023-09-02T18:00:00,22.1,22.1,14.4,61.59,0,0,,0,0,19.3,12.8,50,1022.3,48.2,42.3,236,0.8,2,,Partially cloudy,partly-cloudy-day,"03853099999,03743099999,03716099999,03644099999,D9855,03740099999"
Bristol,2023-09-02T19:00:00,21.5,21.5,14.5,64.45,0,0,,0,0,15.3,10.1,43,1022.6,41.9,41.3,63,0.2,1,,Partially cloudy,partly-cloudy-day,"03853099999,03743099999,03716099999,03644099999,D9855,03740099999"
Bristol,2023-09-02T20:00:00,20.1,20.1,14.6,70.79,0,0,,0,0,10.9,7.7,29,1023.5,46.7,39.4,0,0,0,,Partially cloudy,partly-cloudy-night,"03853099999,03743099999,03716099999,03644099999,D9855,03740099999"
Bristol,2023-09-02T21:00:00,19,19,14.5,74.9,0,0,,0,0,11.4,8.4,18,1024.1,73.8,35.1,0,0,0,,Partially cloudy,partly-cloudy-night,"03853099999,03743099999,03716099999,03644099999,D9855,03740099999"
Bristol,2023-09-02T22:00:00,17.7,17.7,14.3,80.66,0,0,,0,0,7.6,5.9,27,1024.7,21.3,27.6,0,0,0,,Partially cloudy,partly-cloudy-night,"03853099999,03743099999,03716099999,03644099999,D9855,03740099999"
Bristol,2023-09-02T23:00:00,16.6,16.6,14.2,86.01,0,0,,0,0,7.7,4.1,8,1025.1,0,24.2,0,0,0,,Clear,clear-night,"03853099999,03743099999,03716099999,03644099999,D9855,03740099999"
Bristol,2023-09-03T00:00:00,15.9,15.9,13.9,88.03,0,0,,0,0,6,3.2,44,1025.5,0,21.7,0,0,0,,Clear,clear-night,"03853099999,03743099999,03716099999,03644099999,D9855,03740099999"
Bristol,2023-09-03T01:00:00,15.1,15.1,13.5,90.29,0,0,,0,0,7.2,4.1,19,1025.7,0,15.9,0,0,0,,Clear,clear-night,"03853099999,03743099999,03716099999,03644099999,D9855,03740099999"
Bristol,2023-09-03T02:00:00,14.5,14.5,13,91.05,0,0,,0,0,7.4,4.1,81,1025.9,0,14.9,0,0,0,,Clear,clear-night,"03853099999,03743099999,03716099999,03644099999,D9855,03740099999"
Bristol,2023-09-03T03:00:00,14,14,13,93.55,0,0,,0,0,4.9,2,52,1026.2,0,13.9,0,0,0,,Clear,clear-night,"03853099999,03743099999,03716099999,03644099999,D9855,03740099999"
Bristol,2023-09-03T04:00:00,13.5,13.5,12.7,94.59,0,0,,0,0,3.9,1.6,19,1026.4,0,12.4,0,0,0,,Clear,clear-night,"03853099999,03743099999,03716099999,03644099999,D9855,03740099999"
Bristol,2023-09-03T05:00:00,13.1,13.1,12.5,95.57,0,0,,0,0,5.9,3.5,97,1026.3,11.3,9.7,0,0,0,,Clear,clear-night,"03853099999,03743099999,03716099999,03644099999,D9855,03740099999"
Bristol,2023-09-03T06:00:00,12.7,12.7,12.1,96.05,0,0,,0,0,5.1,2.5,51,1026.3,22.7,7.8,0,0,0,,Partially cloudy,partly-cloudy-night,"03853099999,03743099999,03716099999,03644099999,D9855,03740099999"
Bristol,2023-09-03T07:00:00,12.4,12.4,12,97.43,0,0,,0,0,8.2,4.6,104,1026.6,29.9,6.7,46,0.2,0,,Partially cloudy,partly-cloudy-day,"03853099999,03743099999,03716099999,03644099999,D9855,03740099999"
Bristol,2023-09-03T08:00:00,14.2,14.2,13.7,97.17,0,0,,0,0,8.8,5,45,1027,52.1,4.7,109,0.4,1,,Partially cloudy,partly-cloudy-day,"03853099999,03743099999,03716099999,03644099999,D9855,03740099999"
Bristol,2023-09-03T09:00:00,15.4,15.4,14.5,94.64,0,0,,0,0,9,4.4,360,1027.2,19.8,9.1,345,1.2,3,,Clear,clear-day,"03853099999,03743099999,03716099999,03644099999,D9855,03740099999"
Bristol,2023-09-03T10:00:00,17.9,17.9,16.2,89.75,0,0,,0,0,9,3.8,56,1027.2,19.3,15.5,492,1.8,5,,Clear,clear-day,"03853099999,03743099999,03716099999,03644099999,D9855,03740099999"
Bristol,2023-09-03T11:00:00,20.4,20.4,16.2,76.65,0,0,,0,0,8.8,4.6,78,1027.3,0,27.8,605,2.2,6,,Clear,clear-day,"03853099999,03743099999,03716099999,03644099999,D9855,03740099999"
Bristol,2023-09-03T12:00:00,22.1,22.1,14.8,63.42,0,0,,0,0,14.4,8.5,102,1027.3,0,36.2,679,2.4,7,,Clear,clear-day,"03853099999,03743099999,03716099999,03644099999,D9855,03740099999"
Bristol,2023-09-03T13:00:00,23.3,23.3,14.6,58.11,0,0,,0,0,17.3,8.8,92,1027.1,0,37.2,724,2.6,7,,Clear,clear-day,"03853099999,03743099999,03716099999,03644099999,D9855,03740099999"
Bristol,2023-09-03T14:00:00,23.9,23.9,14.3,54.96,0,0,,0,0,17.5,10.4,68,1026.9,2.3,41,717,2.6,7,,Clear,clear-day,"03853099999,03743099999,03716099999,03644099999,D9855,03740099999"
Bristol,2023-09-03T15:00:00,24.3,24.3,14.3,53.4,0,0,,0,0,15.8,8.9,72,1026.6,18.1,43.4,613,2.2,6,,Clear,clear-day,"03853099999,03743099999,03716099999,03644099999,D9855,03740099999"
Bristol,2023-09-03T16:00:00,24.1,24.1,14,53.53,0,0,,0,0,15.5,9.4,107,1026.9,0,14,517,1.9,5,,Clear,clear-day,"03853099999,03743099999,03644099999,D9855,03740099999,EGGD"
Bristol,2023-09-03T17:00:00,24.3,24.3,14.5,54.15,0,0,,0,0,18.5,9.7,84,1025.8,0,41.2,424,1.5,4,,Clear,clear-day,"03853099999,03743099999,03716099999,03644099999,D9855,03740099999"
Bristol,2023-09-03T18:00:00,23.8,23.8,14.8,56.9,0,0,,0,0,18.2,10.8,91,1025.2,0,42.3,160,0.6,2,,Clear,clear-day,"03853099999,03743099999,03716099999,03644099999,D9855,03740099999"
Bristol,2023-09-03T19:00:00,22.7,22.7,15,61.99,0,0,,0,0,10.7,7.7,88,1024.8,0,38.3,88,0.3,1,,Clear,clear-day,"03853099999,03743099999,03716099999,03644099999,D9855,03740099999"
Bristol,2023-09-03T20:00:00,21,21,14.7,67.22,0,0,,0,0,9.6,7.2,66,1025,0,38.5,5,0,0,,Clear,clear-night,"03853099999,03743099999,03716099999,03644099999,D9855,03740099999"
Bristol,2023-09-03T21:00:00,19.9,19.9,15,73.11,0,0,,0,0,12,8.7,50,1025.2,0,36.2,0,0,0,,Clear,clear-night,"03853099999,03743099999,03716099999,03644099999,D9855,03740099999"
Bristol,2023-09-03T22:00:00,18.9,18.9,14.7,76.68,0,0,,0,0,10.7,6.3,62,1025.3,0,35,0,0,0,,Clear,clear-night,"03853099999,03743099999,03716099999,03644099999,D9855,03740099999"
Bristol,2023-09-03T23:00:00,18.2,18.2,14.4,78.54,0,0,,0,0,10.5,6.8,61,1025.3,0,28.7,0,0,0,,Clear,clear-night,"03853099999,03743099999,03716099999,03644099999,D9855,03740099999"
Bristol,2023-09-04T00:00:00,17.6,17.6,14.5,81.87,0,0,,0,0,8,4.8,48,1025.3,0,28.1,0,0,0,,Clear,clear-night,"03853099999,03743099999,03716099999,03644099999,D9855,03740099999"
Bristol,2023-09-04T01:00:00,17.1,17.1,14.3,83.86,0,0,,0,0,10.7,7.6,55,1025.2,0,26.2,0,0,0,,Clear,clear-night,"03853099999,03743099999,03716099999,03644099999,D9855,03740099999"
Bristol,2023-09-04T02:00:00,16.8,16.8,14.8,88.05,0,0,,0,0,8.2,6.8,42,1024.9,0,20.4,0,0,0,,Clear,clear-night,"03853099999,03743099999,03716099999,03644099999,D9855,03740099999"
Bristol,2023-09-04T03:00:00,16.7,16.7,14.9,89.16,0,0,,0,0,11.5,8.8,45,1024.5,0,17.4,0,0,0,,Clear,clear-night,"03853099999,03743099999,03716099999,03644099999,D9855,03740099999"
Bristol,2023-09-04T04:00:00,16.6,16.6,15.1,90.71,0,0,,0,0,10.9,8.5,50,1023.9,0,14.9,0,0,0,,Clear,clear-night,"03853099999,03743099999,03716099999,03644099999,D9855,03740099999"
Bristol,2023-09-04T05:00:00,15.6,15.6,14.6,93.5,0,0,,0,0,10.4,7.9,57,1023.7,0,10.9,0,0,0,,Clear,clear-night,"03853099999,03743099999,03716099999,03644099999,D9855,03740099999"
Bristol,2023-09-04T06:00:00,15.5,15.5,14.5,93.99,0,0,,0,0,11.3,9.7,37,1023.6,0,9.4,0,0,0,,Clear,clear-night,"03853099999,03743099999,03716099999,03644099999,D9855,03740099999"
Bristol,2023-09-04T07:00:00,15.3,15.3,14.4,94.29,0,0,,0,0,11.9,8.2,60,1023.5,0,7.5,30,0.1,0,,Clear,clear-day,"03853099999,03743099999,03716099999,03644099999,D9855,03740099999"
Bristol,2023-09-04T08:00:00,16.9,16.9,15.8,93.59,0,0,,0,0,12.3,9.7,54,1023.4,0,9,162,0.6,2,,Clear,clear-day,"03853099999,03743099999,03716099999,03644099999,D9855,03740099999"
Bristol,2023-09-04T09:00:00,19.4,19.4,17.1,86.74,0,0,,0,0,18.9,12,73,1023.4,0,11.3,325,1.2,3,,Clear,clear-day,"03853099999,03743099999,03716099999,03644099999,D9855,03740099999"
Bristol,2023-09-04T10:00:00,21.3,21.3,17.7,79.9,0,0,,0,0,24,16.5,88,1023,0,15.2,473,1.7,5,,Clear,clear-day,"03853099999,03743099999,03716099999,03644099999,D9855,03740099999"
Bristol,2023-09-04T11:00:00,23.7,23.7,18.1,71.04,0,0,,0,0,25.4,16.5,92,1022.4,0,21.3,589,2.1,6,,Clear,clear-day,"03853099999,03743099999,03716099999,03644099999,D9855,03740099999"
Bristol,2023-09-04T12:00:00,24.2,24.2,18.7,71.63,0,0,,0,0,28.7,23.3,92,1022,0,12,664,2.4,7,,Clear,clear-day,"03853099999,03743099999,03644099999,D9855,03740099999,EGGD"
Bristol,2023-09-04T13:00:00,26.4,26.4,17.2,56.96,0,0,,0,0,30.5,18.9,90,1021.1,0,29.7,687,2.5,7,,Clear,clear-day,"03853099999,03743099999,03716099999,03644099999,D9855,03740099999"
Bristol,2023-09-04T14:00:00,27.5,28.2,17.3,53.84,0,0,,0,0,28.5,18,102,1020.5,0,33.9,670,2.4,7,,Clear,clear-day,"03853099999,03743099999,03716099999,03644099999,D9855,03740099999"
Bristol,2023-09-04T15:00:00,27.9,28.4,16.8,51.12,0,0,,0,0,26.5,16.5,96,1020,0,36.5,603,2.2,6,,Clear,clear-day,"03853099999,03743099999,03716099999,03644099999,D9855,03740099999"
Bristol,2023-09-04T16:00:00,28,28.4,16.2,48.82,0,0,,0,0,26,17.6,94,1019.6,0,38.2,497,1.8,5,,Clear,clear-day,"03853099999,03743099999,03716099999,03644099999,D9855,03740099999"
Bristol,2023-09-04T17:00:00,27.1,27.9,17.5,55.71,0,0,,0,0,30.2,18.5,81,1019.8,0,14.1,359,1.3,4,,Clear,clear-day,"03853099999,03743099999,03716099999,03644099999,D9855,03740099999,EGGD"
Bristol,2023-09-04T18:00:00,27.2,27.6,15.6,49.03,0,0,,0,0,25.5,18.1,81,1018.3,0,37.9,206,0.7,2,,Clear,clear-day,"03853099999,03743099999,03716099999,03644099999,D9855,03740099999"
Bristol,2023-09-04T19:00:00,25.9,25.9,15.1,51.29,0,0,,0,0,25,15.2,73,1017.9,0,28.2,54,0.2,1,,Clear,clear-day,"03853099999,03743099999,03716099999,03644099999,D9855,03740099999"
Bristol,2023-09-04T20:00:00,23.8,23.8,14.8,57.06,0,0,,0,0,16.3,11.6,59,1018,0,26.6,0,0,0,,Clear,clear-night,"03853099999,03743099999,03716099999,03644099999,D9855,03740099999"
Bristol,2023-09-04T21:00:00,22.2,22.2,14.7,62.47,0,0,,0,0,19.4,13.4,65,1018.1,0,25.1,0,0,0,,Clear,clear-night,"03853099999,03743099999,03716099999,03644099999,D9855,03740099999"
Bristol,2023-09-04T22:00:00,20.8,20.8,13.4,62.55,0,0,,0,0,17.3,12.8,68,1018.3,0,26.4,0,0,0,,Clear,clear-night,"03853099999,03743099999,03716099999,03644099999,D9855,03740099999"
Bristol,2023-09-04T23:00:00,19,19,12.7,66.76,0,0,,0,0,17.1,12.5,82,1018.8,0,24.1,0,0,0,,Clear,clear-night,"03853099999,03743099999,03716099999,03644099999,D9855,03740099999"
Bristol,2023-09-05T00:00:00,18.5,18.5,13,70.46,0,0,,0,0,21.8,15,56,1018.9,0,23.2,0,0,0,,Clear,clear-night,"03853099999,03743099999,03716099999,03644099999,D9855,03740099999"
Bristol,2023-09-05T01:00:00,17.4,17.4,12.1,71.3,0,0,,0,0,22.4,14.4,57,1018.4,0,27.9,0,0,0,,Clear,clear-night,"03853099999,03743099999,03716099999,03644099999,D9855,03740099999"
Bristol,2023-09-05T02:00:00,16.4,16.4,12.1,75.94,0,0,,0,0,21.2,15.7,62,1017.9,0,27.8,0,0,0,,Clear,clear-night,"03853099999,03743099999,03716099999,03644099999,D9855,03740099999"
Bristol,2023-09-05T03:00:00,16.1,16.1,12.3,77.95,0,0,,0,0,25.9,17.8,48,1017.3,0,25,0,0,0,,Clear,clear-night,"03853099999,03743099999,03716099999,03644099999,D9855,03740099999"
Bristol,2023-09-05T04:00:00,15.2,15.2,12.1,82.16,0,0,,0,0,19.6,14.2,29,1017.1,0,21.8,0,0,0,,Clear,clear-night,"03853099999,03743099999,03716099999,03644099999,D9855,03740099999"
Bristol,2023-09-05T05:00:00,14.8,14.8,12.2,84.61,0,0,,0,0,18.4,13,45,1017.1,0,19,0,0,0,,Clear,clear-night,"03853099999,03743099999,03716099999,03644099999,D9855,03740099999"
Bristol,2023-09-05T06:00:00,14.4,14.4,12.5,88.17,0,0,,0,0,20.5,13.7,46,1017,0,13.5,0,0,0,,Clear,clear-night,"03853099999,03743099999,03716099999,03644099999,D9855,03740099999"
Bristol,2023-09-05T07:00:00,14.3,14.3,12.8,90.7,0,0,,0,0,15.6,11.7,33,1017,0,11,28,0.1,0,,Clear,clear-day,"03853099999,03743099999,03716099999,03644099999,D9855,03740099999"
Bristol,2023-09-05T08:00:00,15.9,15.9,14.1,88.9,0,0,,0,0,22,15,50,1017.1,0,12.1,160,0.6,2,,Clear,clear-day,"03853099999,03743099999,03716099999,03644099999,D9855,03740099999"
Bristol,2023-09-05T09:00:00,17.9,17.9,15.1,83.53,0,0,,0,0,18.7,12.9,42,1016.9,4.8,12.5,329,1.2,3,,Clear,clear-day,"03853099999,03743099999,03716099999,03644099999,D9855,03740099999"
Bristol,2023-09-05T10:00:00,19.9,19.9,15.7,76.52,0,0,,0,0,24.8,17.8,60,1016.5,0,16.9,436,1.6,4,,Clear,clear-day,"03853099999,03743099999,03716099999,03644099999,D9855,03740099999"
Bristol,2023-09-05T11:00:00,22.6,22.6,16.4,67.95,0,0,,0,0,30.5,22.6,72,1016.3,0,25.4,554,2,6,,Clear,clear-day,"03853099999,03743099999,03716099999,03644099999,D9855,03740099999"
Bristol,2023-09-05T12:00:00,24.2,24.2,16.3,61.44,0,0,,0,0,34.3,22.3,83,1015.8,0,32.6,626,2.3,6,,Clear,clear-day,"03853099999,03743099999,03716099999,03644099999,D9855,03740099999"
Bristol,2023-09-05T13:00:00,25.6,25.6,16.7,58.09,0,0,,0,0,31.4,22.7,82,1015.5,0,33.3,640,2.3,6,,Clear,clear-day,"03853099999,03743099999,03716099999,03644099999,D9855,03740099999"
Bristol,2023-09-05T14:00:00,26.9,27.6,17.1,54.96,0,0,,0,0,26.4,18,84,1015.3,0,30.4,626,2.3,6,,Clear,clear-day,"03853099999,03743099999,03716099999,03644099999,D9855,03740099999"
Bristol,2023-09-05T15:00:00,26,26,18,61.38,0,0,,0,0,32,22.3,70,1016,0,10,550,2,6,,Clear,clear-day,"D9855,EGGD"
Bristol,2023-09-05T16:00:00,27.2,28.3,18.6,59.26,0,0,,0,0,22.3,13.5,82,1015.8,0,13.6,439,1.6,4,,Clear,clear-day,"03853099999,03743099999,03716099999,03644099999,D9855,03740099999,EGGD"
Bristol,2023-09-05T17:00:00,28,28.7,17.4,52.52,0,0,,0,0,22.4,15.2,93,1015.2,0,32.7,304,1.1,3,,Clear,clear-day,"03853099999,03743099999,03716099999,03644099999,D9855,03740099999"
Bristol,2023-09-05T18:00:00,27.2,28,17.6,55.85,0,0,,0,0,22.6,15.4,76,1015.2,0,32.7,172,0.6,2,,Clear,clear-day,"03853099999,03743099999,03716099999,03644099999,D9855,03740099999"
Bristol,2023-09-05T19:00:00,25.7,25.7,17.6,60.98,0,0,,0,0,17.8,11.6,117,1015.5,0,27.7,49,0.2,0,,Clear,clear-day,"03853099999,03743099999,03716099999,03644099999,D9855,03740099999"
Bristol,2023-09-05T20:00:00,23.3,23.3,16.9,66.93,0,0,,0,0,13.2,7.5,119,1016,0,31.7,0,0,0,,Clear,clear-night,"03853099999,03743099999,03716099999,03644099999,D9855,03740099999"
Bristol,2023-09-05T21:00:00,21.7,21.7,16.9,74.07,0,0,,0,0,7.2,4.8,19,1016.6,0,31,0,0,0,,Clear,clear-night,"03853099999,03743099999,03716099999,03644099999,D9855,03740099999"
Bristol,2023-09-05T22:00:00,20.4,20.4,17.1,81.25,0,0,,0,0,4.5,2,126,1017,0,23.6,0,0,0,,Clear,clear-night,"03853099999,03743099999,03716099999,03644099999,D9855,03740099999"
Bristol,2023-09-05T23:00:00,19.7,19.7,16.7,82.55,0,0,,0,0,6.1,5.7,103,1017.3,0,20.9,0,0,0,,Clear,clear-night,"03853099999,03743099999,03716099999,03644099999,D9855,03740099999"
Bristol,2023-09-06T00:00:00,19.1,19.1,16,82.38,0,0,,0,0,5.6,4.6,67,1017.6,0,22,0,0,0,,Clear,clear-night,"03853099999,03743099999,03716099999,03644099999,D9855,03740099999"
Bristol,2023-09-06T01:00:00,18.2,18.2,16,86.73,0,0,,0,0,6.2,4.6,64,1017.9,0,18.6,0,0,0,,Clear,clear-night,"03853099999,03743099999,03716099999,03644099999,D9855,03740099999"
Bristol,2023-09-06T02:00:00,17.3,17.3,15.3,88.02,0,0,,0,0,4.5,3.7,41,1017.8,0,13.8,0,0,0,,Clear,clear-night,"03853099999,03743099999,03716099999,03644099999,D9855,03740099999"
Bristol,2023-09-06T03:00:00,16.9,16.9,15.2,89.73,0,0,,0,0,5.6,4.5,65,1017.9,0,15.3,0,0,0,,Clear,clear-night,"03853099999,03743099999,03716099999,03644099999,D9855,03740099999"
Bristol,2023-09-06T04:00:00,16.6,16.6,15.2,91.74,0,0,,0,0,4.8,2.3,148,1017.9,0,13.3,0,0,0,,Clear,clear-night,"03853099999,03743099999,03716099999,03644099999,D9855,03740099999"
Bristol,2023-09-06T05:00:00,15.8,15.8,14.8,93.93,0,0,,0,0,4.3,1.9,111,1018.3,0,11.3,0,0,0,,Clear,clear-night,"03853099999,03743099999,03716099999,03644099999,D9855,03740099999"
Bristol,2023-09-06T06:00:00,15.8,15.8,14.9,94.4,0,0,,0,0,5.2,2.6,335,1018.5,0,12.4,0,0,0,,Clear,clear-night,"03853099999,03743099999,03716099999,03644099999,D9855,03740099999"
Bristol,2023-09-06T07:00:00,15.1,15.1,14.3,95.17,0,0,,0,0,5.6,4.6,329,1018.6,9.1,7.5,28,0.1,0,,Clear,clear-day,"03853099999,03743099999,03716099999,03644099999,D9855,03740099999"
Bristol,2023-09-06T08:00:00,16.5,16.5,15.8,95.18,0,0,,0,0,2.3,2.1,353,1019,0,9.8,125,0.5,1,,Clear,clear-day,"03853099999,03743099999,03716099999,03644099999,D9855,03740099999"
Bristol,2023-09-06T09:00:00,18.9,18.9,17.1,88.93,0,0,,0,0,4.1,3.4,59,1019.3,0,12.6,274,1,3,,Clear,clear-day,"03853099999,03743099999,03716099999,03644099999,D9855,03740099999"
Bristol,2023-09-06T10:00:00,21.1,21.1,17.4,79.46,0,0,,0,0,8.1,2.8,45,1019.4,0,16,417,1.5,4,,Clear,clear-day,"03853099999,03743099999,03716099999,03644099999,D9855,03740099999"
Bristol,2023-09-06T11:00:00,22.6,22.6,17.8,74.32,0,0,,0,0,11.2,4.7,19,1019.2,0,16.9,471,1.7,5,,Clear,clear-day,"03853099999,03743099999,03716099999,03644099999,D9855,03740099999"
Bristol,2023-09-06T12:00:00,24.6,24.6,18,66.93,0,0,,0,0,11.2,6.7,23,1019,4.8,18.6,668,2.4,7,,Clear,clear-day,"03853099999,03743099999,03716099999,03644099999,D9855,03740099999"
Bristol,2023-09-06T13:00:00,25.3,25.3,18,64.01,0,0,,0,0,16.6,4.1,145,1019.7,0,10.7,694,2.5,7,,Clear,clear-day,"03853099999,03743099999,03644099999,03740099999,C2888,EGGD"
Bristol,2023-09-06T14:00:00,26.9,27.9,18.5,60,0,0,,0,0,12.4,7.5,152,1018.5,0,18.9,612,2.2,6,,Clear,clear-day,"03853099999,03743099999,03716099999,03644099999,03740099999,C2888"
Bristol,2023-09-06T15:00:00,27.1,28.3,18.9,60.96,0,0,,0,0,8.1,5.3,80,1018.9,0,11.7,605,2.2,6,,Clear,clear-day,"03853099999,03743099999,03716099999,03644099999,C2888,EGGD"
Bristol,2023-09-06T16:00:00,27.8,28.8,18.2,55.85,0,0,,0,0,11.6,7.4,349,1018,0,19.9,497,1.8,5,,Clear,clear-day,"03853099999,03743099999,03716099999,03644099999,03740099999,C2888"
Bristol,2023-09-06T17:00:00,28.2,29.1,18,54.02,0,0,,0,0,12.7,7.5,43,1017.7,0,20.3,185,0.7,2,,Clear,clear-day,"03853099999,03743099999,03716099999,03644099999,03740099999,C2888"
Bristol,2023-09-06T18:00:00,27.8,29,18.8,58.02,0,0,,0,0,10.1,6.7,115,1017.7,0,21.1,153,0.6,2,,Clear,clear-day,"03853099999,03743099999,03716099999,03644099999,03740099999,C2888"
Bristol,2023-09-06T19:00:00,26.3,26.3,19,64.11,0,0,,0,0,9.4,6.3,108,1017.6,0,20.6,35,0.1,0,,Clear,clear-day,"03853099999,03743099999,03716099999,03644099999,03740099999,C2888"
Bristol,2023-09-06T20:00:00,24.8,24.8,19,70.39,0,0,,0,0,9.1,7.2,25,1017.9,11.2,19.3,0,0,0,,Clear,clear-night,"03853099999,03743099999,03716099999,03644099999,03740099999,C2888"
Bristol,2023-09-06T21:00:00,23.3,23.3,18.7,75.33,0,0,,0,0,5.1,3.1,74,1018.1,63.8,17.5,0,0,0,,Partially cloudy,partly-cloudy-night,"03853099999,03743099999,03716099999,03644099999,03740099999,C2888"
Bristol,2023-09-06T22:00:00,22.6,22.6,18.8,79.01,0,0,,0,0,4.1,3.4,153,1018.1,40.2,18.4,0,0,0,,Partially cloudy,partly-cloudy-night,"03853099999,03743099999,03716099999,03644099999,03740099999,C2888"
Bristol,2023-09-06T23:00:00,21.7,21.7,18.4,81.59,0,0,,0,0,4.1,3.5,342,1018.4,29.9,15.6,0,0,0,,Partially cloudy,partly-cloudy-night,"03853099999,03743099999,03716099999,03644099999,03740099999,C2888"
Bristol,2023-09-07T00:00:00,21.4,21.4,18.8,84.97,0,0,,0,0,6.6,4.5,49,1018.5,43.1,15.9,0,0,0,,Partially cloudy,partly-cloudy-night,"03853099999,03743099999,03716099999,03644099999,03740099999,C2888"
Bristol,2023-09-07T01:00:00,21.3,21.3,18.6,84.87,0,0,,0,0,9.1,5.2,54,1018.5,63.1,13.8,0,0,0,,Partially cloudy,partly-cloudy-night,"03853099999,03743099999,03716099999,03644099999,03740099999,C2888"
Bristol,2023-09-07T02:00:00,20.8,20.8,18.7,88.13,0,0,,0,0,10.3,8.4,45,1018,65.6,15,0,0,0,,Partially cloudy,partly-cloudy-night,"03853099999,03743099999,03716099999,03644099999,03740099999,C2888"
Bristol,2023-09-07T03:00:00,20.4,20.4,18.5,88.6,0,0,,0,0,11.5,5.6,47,1017.6,38.7,15.3,0,0,0,,Partially cloudy,partly-cloudy-night,"03853099999,03743099999,03716099999,03644099999,03740099999,C2888"
Bristol,2023-09-07T04:00:00,20,20,18.2,89.31,0,0,,0,0,9.6,7.5,4,1017.5,26.5,14.3,0,0,0,,Partially cloudy,partly-cloudy-night,"03853099999,03743099999,03716099999,03644099999,03740099999,C2888"
Bristol,2023-09-07T05:00:00,19.7,19.7,18,89.78,0,0,,0,0,15.1,11.1,350,1017.3,27.4,13.1,0,0,0,,Partially cloudy,partly-cloudy-night,"03853099999,03743099999,03716099999,03644099999,03740099999,C2888"
Bristol,2023-09-07T06:00:00,19.1,19.1,17.7,91.34,0,0,,0,0,11.5,9.3,73,1017.2,19.7,11.6,0,0,0,,Clear,clear-night,"03853099999,03743099999,03716099999,03644099999,03740099999,C2888"
Bristol,2023-09-07T07:00:00,19.1,19.1,17.7,91.69,0,0,,0,0,13,8.5,56,1017.1,22.9,12.4,30,0.1,0,,Partially cloudy,partly-cloudy-day,"03853099999,03743099999,03716099999,03644099999,03740099999,C2888"
Bristol,2023-09-07T08:00:00,19.4,19.4,18.1,91.9,0,0,,0,0,12.5,7.9,6,1017.4,1.6,9.6,111,0.4,1,,Clear,clear-day,"03853099999,03743099999,03716099999,03644099999,03740099999,C2888"
Bristol,2023-09-07T09:00:00,21.3,21.3,19.3,88.42,0,0,,0,0,11.3,8.5,38,1017.3,0,11.7,285,1,3,,Clear,clear-day,"03853099999,03743099999,03716099999,03644099999,03740099999,C2888"
Bristol,2023-09-07T10:00:00,23.4,23.4,19.7,79.86,0,0,,0,0,13.2,8.5,62,1017.1,6.4,12.1,345,1.2,3,,Clear,clear-day,"03853099999,03743099999,03716099999,03644099999,03740099999,C2888"
Bristol,2023-09-07T11:00:00,25.2,25.2,19.8,72,0,0,,0,0,16.6,12.3,101,1017,0,14.2,582,2.1,6,,Clear,clear-day,"03853099999,03743099999,03716099999,03644099999,03740099999,C2888"
Bristol,2023-09-07T12:00:00,25.1,25.1,19.9,72.79,0,0,,0,0,29.5,18.2,79,1016.9,0,10.4,362,1.3,4,,Clear,clear-day,"03853099999,03716099999,03644099999,03740099999,C2888,EGGD"
Bristol,2023-09-07T13:00:00,26,26,19.9,68.83,0,0,,0,0,25.9,16.4,89,1016.9,0,10.6,418,1.5,4,,Clear,clear-day,"03716099999,03644099999,03740099999,C2888,EGGD"
Bristol,2023-09-07T14:00:00,27,28.4,20,65.55,0,0,,0,0,20.9,14.8,100,1017,100,10,373,1.3,4,,Overcast,cloudy,"C2888,EGGD"
Bristol,2023-09-07T15:00:00,27,28.5,19.9,65.28,0,0,,0,0,16.6,11.4,92,1016.8,0,10.3,375,1.4,4,,Clear,clear-day,"03853099999,03716099999,C2888,EGGD"
Bristol,2023-09-07T16:00:00,28.2,29.2,18.3,55.16,0,0,,0,0,14,8.7,112,1015.3,0,27.6,218,0.8,2,,Clear,clear-day,"03853099999,03743099999,03716099999,03644099999,03740099999,C2888"
Bristol,2023-09-07T17:00:00,27.9,29.1,18.9,58.1,0,0,,0,0,13.8,8.4,126,1015.1,0,28.4,183,0.7,2,,Clear,clear-day,"03853099999,03743099999,03716099999,03644099999,03740099999,C2888"
Bristol,2023-09-07T18:00:00,27.4,28.6,18.8,59.24,0,0,,0,0,10.4,6.6,134,1014.9,0,28.6,105,0.4,1,,Clear,clear-day,"03853099999,03743099999,03716099999,03644099999,03740099999,C2888"
Bristol,2023-09-07T19:00:00,26.3,26.3,18.8,63.26,0,0,,0,0,9.1,4.9,151,1015.1,4.4,28.8,32,0.1,0,,Clear,clear-day,"03853099999,03743099999,03716099999,03644099999,03740099999,C2888"
Bristol,2023-09-07T20:00:00,24.4,24.4,18.7,70.43,0,0,,0,0,7.1,3.2,156,1015.4,32.7,29.1,0,0,0,,Partially cloudy,partly-cloudy-night,"03853099999,03743099999,03716099999,03644099999,03740099999,C2888"
Bristol,2023-09-07T21:00:00,22.5,22.5,18.3,77.38,0,0,,0,0,6.1,2.9,157,1015.7,8,22.6,0,0,0,,Clear,clear-night,"03853099999,03743099999,03716099999,03644099999,03740099999,C2888"
Bristol,2023-09-07T22:00:00,22.2,22.2,18.2,78.3,0,0,,0,0,6.6,4.2,143,1016.1,17.7,24.8,0,0,0,,Clear,clear-night,"03853099999,03743099999,03716099999,03644099999,03740099999,C2888"
Bristol,2023-09-07T23:00:00,21.4,21.4,17.7,79.26,0,0,,0,0,7.1,5.5,180,1016.2,20.7,24.5,0,0,0,,Partially cloudy,partly-cloudy-night,"03853099999,03743099999,03716099999,03644099999,03740099999,C2888"
Bristol,2023-09-08T00:00:00,20.7,20.7,17.6,82.73,0,0,,0,0,4.3,3.1,14,1016.2,24.8,22.1,0,0,0,,Partially cloudy,partly-cloudy-night,"03853099999,03743099999,03716099999,03644099999,03740099999,C2888"
Bristol,2023-09-08T01:00:00,20.1,20.1,16.9,81.77,0,0,,0,0,5.9,3.6,123,1016.2,22.9,21.7,0,0,0,,Partially cloudy,partly-cloudy-night,"03853099999,03743099999,03716099999,03644099999,03740099999,C2888"
Bristol,2023-09-08T02:00:00,19.9,19.9,16.8,82.5,0,0,,0,0,5.3,3.2,38,1016.2,6.4,17.8,0,0,0,,Clear,clear-night,"03853099999,03743099999,03716099999,03644099999,03740099999,C2888"
Bristol,2023-09-08T03:00:00,19.2,19.2,16.6,85.26,0,0,,0,0,4.1,1.8,50,1016.1,1.6,18.9,0,0,0,,Clear,clear-night,"03853099999,03743099999,03716099999,03644099999,03740099999,C2888"
Bristol,2023-09-08T04:00:00,18.5,18.5,16.3,86.74,0,0,,0,0,6.1,3.6,276,1016,30.7,14.9,0,0,0,,Partially cloudy,partly-cloudy-night,"03853099999,03743099999,03716099999,03644099999,03740099999,C2888"
Bristol,2023-09-08T05:00:00,18,18,16.3,89.61,0,0,,0,0,4.5,2.5,329,1016,38.7,13.9,0,0,0,,Partially cloudy,partly-cloudy-night,"03853099999,03743099999,03716099999,03644099999,03740099999,C2888"
Bristol,2023-09-08T06:00:00,17.8,17.8,16.1,89.54,0,0,,0,0,4.8,2.5,54,1016.1,38.7,13.3,0,0,0,,Partially cloudy,partly-cloudy-night,"03853099999,03743099999,03716099999,03644099999,03740099999,C2888"
Bristol,2023-09-08T07:00:00,18.2,18.2,16.1,87.81,0,0,,0,0,6.1,2.9,353,1016.2,38.7,13.1,33,0.1,0,,Partially cloudy,partly-cloudy-day,"03853099999,03743099999,03716099999,03644099999,03740099999,C2888"
Bristol,2023-09-08T08:00:00,18.9,18.9,16.8,87.52,0,0,,0,0,5.4,2.2,250,1016.6,21.9,12.5,70,0.3,1,,Partially cloudy,partly-cloudy-day,"03853099999,03743099999,03716099999,03644099999,03740099999,C2888"
Bristol,2023-09-08T09:00:00,19.9,19.9,17.1,84.02,0,0,,0,0,6.1,3.2,79,1016.7,34.8,15.9,148,0.5,1,,Partially cloudy,partly-cloudy-day,"03853099999,03743099999,03716099999,03644099999,03740099999,C2888"
Bristol,2023-09-08T10:00:00,21.3,21.3,17.9,81.26,0,0,,0,0,6.9,3.8,255,1016.9,24.2,14.6,211,0.8,2,,Partially cloudy,partly-cloudy-day,"03853099999,03743099999,03716099999,03644099999,03740099999,C2888"
Bristol,2023-09-08T11:00:00,23.8,23.8,17.6,68.32,0,0,,0,0,7.6,5.4,214,1017,18.4,23.6,429,1.5,4,,Clear,clear-day,"03853099999,03743099999,03716099999,03644099999,03740099999,C2888"
Bristol,2023-09-08T12:00:00,25.5,25.5,16.7,58.03,0,0,,0,0,10.9,4.1,10,1017,1.6,26.3,635,2.3,6,,Clear,clear-day,"03853099999,03743099999,03716099999,03644099999,D9855,03740099999"
Bristol,2023-09-08T13:00:00,27.2,27.8,16.8,52.78,0,0,,0,0,10.4,5.3,344,1016.7,0,25.7,628,2.3,6,,Clear,clear-day,"03853099999,03743099999,03716099999,03644099999,D9855,03740099999"
Bristol,2023-09-08T14:00:00,27.1,27.9,17.8,56.8,0,0,,0,0,11.5,5.5,181,1016.9,0,12.8,666,2.4,7,,Clear,clear-day,"03853099999,03743099999,03716099999,D9855,03740099999,EGGD"
Bristol,2023-09-08T15:00:00,27.3,28.4,18.6,58.73,0,0,,0,0,8.4,3.7,266,1016.8,0,11.9,467,1.7,5,,Clear,clear-day,"03853099999,03743099999,03644099999,D9855,03740099999,EGGD"
Bristol,2023-09-08T16:00:00,28.3,28.8,17,50.12,0,0,,0,0,8.7,6,211,1015.7,0,26.8,359,1.3,4,,Clear,clear-day,"03853099999,03743099999,03716099999,03644099999,03740099999,C2888"
Bristol,2023-09-08T17:00:00,25.5,25.5,18.8,66.66,0,0,,0,0,11.2,9.3,269,1016.8,0,11.4,127,0.5,1,,Clear,clear-day,"03853099999,03644099999,03740099999,C2888,EGGD"
Bristol,2023-09-08T18:00:00,25.9,25.9,18.4,63.36,0,0,,0,0,14.3,10,233,1015.7,9.1,20.5,65,0.2,1,,Clear,clear-day,"03853099999,03743099999,03716099999,03644099999,03740099999,C2888"
Bristol,2023-09-08T19:00:00,25.2,25.2,18.5,66.63,0,0,,0,0,8.2,5.1,234,1015.7,18.4,21.7,19,0.1,0,,Clear,clear-day,"03853099999,03743099999,03716099999,03644099999,03740099999,C2888"
Bristol,2023-09-08T20:00:00,23.6,23.6,18.8,74.48,0,0,,0,0,9.2,5,225,1015.9,79.8,19.6,0,0,0,,Partially cloudy,partly-cloudy-night,"03853099999,03743099999,03716099999,03644099999,03740099999,C2888"
Bristol,2023-09-08T21:00:00,22.4,22.4,18.4,78.5,0,0,,0,0,10.4,5.1,279,1016.4,76.8,15.5,0,0,0,,Partially cloudy,partly-cloudy-night,"03853099999,03743099999,03716099999,03644099999,03740099999,C2888"
Bristol,2023-09-08T22:00:00,21.6,21.6,18.7,83.46,0,0,,0,0,8.6,6,274,1016.5,61.9,13.9,0,0,0,,Partially cloudy,partly-cloudy-night,"03853099999,03743099999,03716099999,03644099999,03740099999,C2888"
Bristol,2023-09-08T23:00:00,20.9,20.9,18.4,85.67,0,0,,0,0,7.6,3.8,303,1016.3,73.4,11.7,0,0,0,,Partially cloudy,partly-cloudy-night,"03853099999,03743099999,03716099999,03644099999,03740099999,C2888"
Bristol,2023-09-09T00:00:00,20,20,18.1,88.52,0,0,,0,0,8.7,6.8,314,1016.3,54.6,10.5,0,0,0,,Partially cloudy,partly-cloudy-night,"03853099999,03743099999,03716099999,03644099999,03740099999,C2888"
Bristol,2023-09-09T01:00:00,19.5,19.5,18.1,91.51,0,0,,0,0,8.6,4.7,23,1016.1,56.5,9,0,0,0,,Partially cloudy,partly-cloudy-night,"03853099999,03743099999,03716099999,03644099999,03740099999,C2888"
Bristol,2023-09-09T02:00:00,18.9,18.9,17.9,94.16,0,0,,0,0,6.2,3.4,14,1015.8,46.4,8.6,0,0,0,,Partially cloudy,partly-cloudy-night,"03853099999,03743099999,03716099999,03644099999,03740099999,C2888"
Bristol,2023-09-09T03:00:00,18.7,18.7,17.9,95.09,0,0,,0,0,6.4,2.8,232,1015.6,71.1,7.8,0,0,0,,Partially cloudy,partly-cloudy-night,"03853099999,03743099999,03716099999,03644099999,03740099999,C2888"
Bristol,2023-09-09T04:00:00,17.9,17.9,17.3,96.28,0,0,,0,0,5.7,2.2,300,1015.5,41.1,6.7,0,0,0,,Partially cloudy,partly-cloudy-night,"03853099999,03743099999,03716099999,03644099999,03740099999,C2888"
Bristol,2023-09-09T05:00:00,17.9,17.9,17.3,96,0,0,,0,0,4.8,1.9,12,1015.5,53,5.6,0,0,0,,Partially cloudy,partly-cloudy-night,"03853099999,03743099999,03716099999,03644099999,03740099999,C2888"
Bristol,2023-09-09T06:00:00,17.7,17.7,17.2,96.94,0,0,,0,0,4.4,2,6,1015.6,41.9,5.8,0,0,0,,Partially cloudy,partly-cloudy-night,"03853099999,03743099999,03716099999,03644099999,03740099999,C2888"
Bristol,2023-09-09T07:00:00,17.5,17.5,17.2,97.78,0,0,,0,0,6,3.2,310,1015.6,38.7,5.4,29,0.1,0,,Partially cloudy,partly-cloudy-day,"03853099999,03743099999,03716099999,03644099999,03740099999,C2888"
Bristol,2023-09-09T08:00:00,18.5,18.5,18.1,97.5,0,0,,0,0,4.8,1.7,11,1015.8,38.7,4.3,139,0.5,1,,Partially cloudy,partly-cloudy-day,"03853099999,03743099999,03716099999,03644099999,03740099999,C2888"
Bristol,2023-09-09T09:00:00,19.9,19.9,18.7,93.11,0.064,100,rain,0,0,5.8,1.9,331,1015.9,38.7,5.4,286,1,3,,"Rain, Partially cloudy",rain,"03853099999,03743099999,03716099999,03644099999,03740099999,C2888"
Bristol,2023-09-09T10:00:00,21.6,21.6,19.4,87.46,0,0,,0,0,6,2.2,8,1016,38.7,9.2,424,1.5,4,,Partially cloudy,partly-cloudy-day,"03853099999,03743099999,03716099999,03644099999,03740099999,C2888"
Bristol,2023-09-09T11:00:00,23.5,23.5,19.3,77.27,0,0,,0,0,7.7,4,271,1016.1,38.7,11.3,503,1.8,5,,Partially cloudy,partly-cloudy-day,"03853099999,03743099999,03716099999,03644099999,03740099999,C2888"
Bristol,2023-09-09T12:00:00,25.7,25.7,19.2,67.31,0,0,,0,0,8.6,3.6,307,1015.9,0,19.1,689,2.5,7,,Clear,clear-day,"03853099999,03743099999,03716099999,03644099999,03740099999,C2888"
Bristol,2023-09-09T13:00:00,26.9,28.1,19,62.21,0,0,,0,0,9,5.7,208,1015.7,1.6,19,580,2.1,6,,Clear,clear-day,"03853099999,03743099999,03716099999,03644099999,03740099999,C2888"
Bristol,2023-09-09T14:00:00,28,29.2,18.9,57.71,0,0,,0,0,9.4,5.7,271,1015.5,0,21.4,601,2.2,6,,Clear,clear-day,"03853099999,03743099999,03716099999,03644099999,03740099999,C2888"
Bristol,2023-09-09T15:00:00,27.2,28.7,19.7,63.68,0,0,,0,0,7.5,7.3,255,1015.9,7.1,12.2,221,0.8,2,,Clear,clear-day,"03853099999,03743099999,03716099999,03644099999,C2888,EGGD"
Bristol,2023-09-09T16:00:00,28.4,29.6,18.8,56.12,0,0,,0,0,8.9,7,213,1015.1,6.8,24.7,418,1.5,4,,Clear,clear-day,"03853099999,03743099999,03716099999,03644099999,03740099999,C2888"
Bristol,2023-09-09T17:00:00,28.7,29.9,18.7,54.93,0,0,,0,0,9.3,7.7,23,1014.8,1.5,23.2,153,0.6,2,,Clear,clear-day,"03853099999,03743099999,03716099999,03644099999,03740099999,C2888"
Bristol,2023-09-09T18:00:00,28,29.1,18.6,56.39,0,0,,0,0,7.9,5.2,233,1014.7,0,25.3,63,0.2,1,,Clear,clear-day,"03853099999,03743099999,03716099999,03644099999,03740099999,C2888"
Bristol,2023-09-09T19:00:00,27.1,28.3,18.9,60.71,0,0,,0,0,7.9,3.4,246,1014.9,3.2,23.8,19,0.1,0,,Clear,clear-day,"03853099999,03743099999,03716099999,03644099999,03740099999,C2888"
Bristol,2023-09-09T20:00:00,24.6,24.6,19,70.95,0,0,,0,0,8.4,4.7,218,1015.3,8,23.5,0,0,0,,Clear,clear-night,"03853099999,03743099999,03716099999,03644099999,03740099999,C2888"
Bristol,2023-09-09T21:00:00,23.3,23.3,18.9,76.35,0,0,,0,0,7.8,3.7,218,1015.9,4.8,22.6,0,0,0,,Clear,clear-night,"03853099999,03743099999,03716099999,03644099999,03740099999,C2888"
Bristol,2023-09-09T22:00:00,22.1,22.1,18.6,80.46,0,0,,0,0,5.3,1.2,220,1016.2,16.1,20.1,0,0,0,,Clear,clear-night,"03853099999,03743099999,03716099999,03644099999,D9855,03740099999"
Bristol,2023-09-09T23:00:00,21.2,21.2,18.3,83.43,0,0,,0,0,4.9,2.5,71,1015.9,6.4,19.1,0,0,0,,Clear,clear-night,"03853099999,03743099999,03716099999,03644099999,03740099999,C2888"
Bristol,2023-09-10T00:00:00,20.5,20.5,18.2,86.48,0,0,,0,0,4.1,1.7,64,1016,33.8,16.5,0,0,0,,Partially cloudy,partly-cloudy-night,"03853099999,03743099999,03716099999,03644099999,03740099999,C2888"
Bristol,2023-09-10T01:00:00,20.3,20.3,18.2,88.01,0,0,,0,0,8.1,3.1,178,1016.3,42.9,15.1,0,0,0,,Partially cloudy,partly-cloudy-night,"03853099999,03743099999,03716099999,03644099999,03740099999,C2888"
Bristol,2023-09-10T02:00:00,19.9,19.9,18.1,89.49,0,0,,0,0,5.8,1.7,21,1016.2,62.4,14.2,0,0,0,,Partially cloudy,partly-cloudy-night,"03853099999,03743099999,03716099999,03644099999,03740099999,C2888"
Bristol,2023-09-10T03:00:00,19.5,19.5,18.1,92,0,0,,0,0,15.4,7.8,23,1015.6,57.8,13,0,0,0,,Partially cloudy,partly-cloudy-night,"03853099999,03743099999,03716099999,03644099999,03740099999,C2888"
Bristol,2023-09-10T04:00:00,19,19,17.5,91.21,0,0,,0,0,11.5,4.2,340,1015.3,88.3,11.3,0,0,0,,Partially cloudy,partly-cloudy-night,"03853099999,03743099999,03716099999,03644099999,03740099999,C2888"
Bristol,2023-09-10T05:00:00,19.3,19.3,18.2,93.68,0.453,100,rain,0,0,8.8,5.1,14,1015.7,98.5,11,0,0,0,,"Rain, Overcast",rain,"03853099999,03743099999,03716099999,03644099999,03740099999,C2888"
Bristol,2023-09-10T06:00:00,18.9,18.9,18.2,95.37,0.2,100,rain,0,0,17.8,13.3,357,1015.8,97.1,9.1,0,0,0,,"Rain, Overcast",rain,"03853099999,03743099999,03716099999,03644099999,03740099999,C2888"
Bristol,2023-09-10T07:00:00,18.8,18.8,17.8,94.38,0.045,100,rain,0,0,15.1,8.7,356,1015.4,89.5,9.5,26,0.1,0,,"Rain, Partially cloudy",rain,"03853099999,03743099999,03716099999,03644099999,03740099999,C2888"
Bristol,2023-09-10T08:00:00,19.7,19.7,18.8,94.59,0,0,,0,0,9.6,5.9,14,1015.1,86.7,9.5,32,0.1,0,,Partially cloudy,partly-cloudy-day,"03853099999,03743099999,03716099999,03644099999,03740099999,C2888"
Bristol,2023-09-10T09:00:00,20.9,20.9,19,88.78,0,0,,0,0,6.4,7.1,64,1015,74.5,10.3,90,0.3,1,,Partially cloudy,partly-cloudy-day,"03853099999,03743099999,03716099999,03740099999,C2888,EGGD"
Bristol,2023-09-10T10:00:00,21,21,18.2,84.09,0,0,,0,0,8.5,7.4,74,1015,81.3,10.2,105,0.4,1,,Partially cloudy,partly-cloudy-day,"03853099999,03743099999,03716099999,03740099999,C2888,EGGD"
Bristol,2023-09-10T11:00:00,20.3,20.3,18.2,87.81,0,0,,0,0,8.3,10.4,300,1015.8,57.8,10.5,21,0.1,0,,Partially cloudy,partly-cloudy-day,"03853099999,03743099999,03716099999,D9855,03740099999,EGGD"
Bristol,2023-09-10T12:00:00,21.1,21.1,18.3,83.71,0.225,100,rain,0,0,10.9,10.7,56,1015,81.4,10.9,186,0.7,2,,"Rain, Partially cloudy",rain,"03853099999,03743099999,03716099999,D9855,03740099999,EGGD"
Bristol,2023-09-10T13:00:00,22.2,22.2,19.8,86.33,0.125,100,rain,0,0,12.8,4.6,38,1014.6,75.9,13.9,144,0.5,1,,"Rain, Partially cloudy",rain,"03853099999,03743099999,03716099999,03644099999,D9855,03740099999"
Bristol,2023-09-10T14:00:00,23.7,23.7,19.9,79.12,0.093,100,rain,0,0,7.9,4.4,13,1013.8,9.5,19.2,601,2.2,6,,Rain,rain,"03853099999,03743099999,03716099999,03644099999,D9855,03740099999"
Bristol,2023-09-10T15:00:00,24.7,24.7,18.8,69.56,0,0,,0,0,18.7,10.3,161,1013.4,9.8,24.8,338,1.2,3,,Clear,clear-day,"03853099999,03743099999,03716099999,03644099999,D9855,03740099999"
Bristol,2023-09-10T16:00:00,24.7,24.7,18.8,69.64,0,0,,0,0,23.1,14.2,151,1013.4,9.9,28.1,232,0.8,2,,Clear,clear-day,"03853099999,03743099999,03716099999,03644099999,D9855,03740099999"
Bristol,2023-09-10T17:00:00,24.5,24.5,19,71.41,0,0,,0,0,21.4,13.6,158,1012.8,15,20.5,209,0.8,2,,Clear,clear-day,"03853099999,03743099999,03716099999,03644099999,D9855,03740099999"
Bristol,2023-09-10T18:00:00,23.9,23.9,18,69.49,0,0,,0,0,18.5,12.6,161,1012.4,6.8,17.5,214,0.8,2,,Clear,clear-day,"03853099999,03743099999,03716099999,03644099999,D9855,03740099999"
Bristol,2023-09-10T19:00:00,22.4,22.4,17.9,75.7,0,0,,0,0,18.2,11.7,164,1012.5,17.1,14,19,0.1,0,,Clear,clear-day,"03853099999,03743099999,03716099999,03644099999,D9855,03740099999"
Bristol,2023-09-10T20:00:00,20.5,20.5,18.2,86.27,0,0,,0,0,16.3,9.3,199,1012.7,4.8,8.3,0,0,0,,Clear,clear-night,"03853099999,03743099999,03716099999,03644099999,D9855,03740099999"
Bristol,2023-09-10T21:00:00,19.4,19.4,18,91.91,0,0,,0,0,18.2,10.2,207,1013.1,22.7,5.9,0,0,0,,Partially cloudy,partly-cloudy-night,"03853099999,03743099999,03716099999,03644099999,D9855,03740099999"
Bristol,2023-09-10T22:00:00,18.9,18.9,17.6,92.13,0,0,,0,0,15.2,9.5,217,1013.6,37.8,5,0,0,0,,Partially cloudy,partly-cloudy-night,"03853099999,03743099999,03716099999,03644099999,D9855,03740099999"
Bristol,2023-09-10T23:00:00,18.4,18.4,17.3,93.4,0,0,,0,0,16.9,11.7,220,1013.9,85,4.7,0,0,0,,Partially cloudy,partly-cloudy-night,"03853099999,03743099999,03716099999,03644099999,D9855,03740099999"
